2023/5/28,1
2023/5/29,2
2023/5/30,3
2023/5/31,4
2023/6/1,5
2023/6/2,6
2023/6/3,7
2023/6/4,8
2023/6/5,9
2023/6/6,10
2023/6/7,11
2023/6/8,12
2023/6/9,13
2023/6/10,14
2023/6/11,15
2023/6/12,16
2023/6/13,17
2023/6/14,18
2023/6/15,19
2023/6/16,20
2023/6/17,21
2023/6/18,22
2023/6/19,23
2023/6/20,24
2023/6/21,25
2023/6/22,26
2023/6/23,27
2023/6/24,28
2023/6/25,29
2023/6/26,30
2023/6/27,31
2023/6/28,32
2023/6/29,33
2023/6/30,34
2023/7/1,35
2023/7/2,36
2023/7/3,37
2023/7/4,38
2023/7/5,39
2023/7/6,40
2023/7/7,41
2023/7/8,42
2023/7/9,43
2023/7/10,44
2023/7/11,45
2023/7/12,46
2023/7/13,47
2023/7/14,48
2023/7/15,49
2023/7/16,50
2023/7/17,51
2023/7/18,52
2023/7/19,53
2023/7/20,54
2023/7/21,55
2023/7/22,56
2023/7/23,57
2023/7/24,58
2023/7/25,59
2023/7/26,60
2023/7/27,61
2023/7/28,62
2023/7/29,63
2023/7/30,64
2023/7/31,65
2023/8/1,66
2023/8/2,67
2023/8/3,68
2023/8/4,69
2023/8/5,70
2023/8/6,71
2023/8/7,72
2023/8/8,73
2023/8/9,74
2023/8/10,75
2023/8/11,76
2023/8/12,77
2023/8/13,78
2023/8/14,79
2023/8/15,80
2023/8/16,81
2023/8/17,82
2023/8/18,83
2023/8/19,84
2023/8/20,85
2023/8/21,86
2023/8/22,87
2023/8/23,88
2023/8/24,89
2023/8/25,90
2023/8/26,91
2023/8/27,92
2023/8/28,93
2023/8/29,94
2023/8/30,95
2023/8/31,96
2023/9/1,97
2023/9/2,98
2023/9/3,99
2023/9/4,100
2023/9/5,101
2023/9/6,102
2023/9/7,103
2023/9/8,104
2023/9/9,105
2023/9/10,106
2023/9/11,107
2023/9/12,108
2023/9/13,109
2023/9/14,110
2023/9/15,111
2023/9/16,112
2023/9/17,113
2023/9/18,114
2023/9/19,115
2023/9/20,116
2023/9/21,117
2023/9/22,118
2023/9/23,119
2023/9/24,120
2023/9/25,121
2023/9/26,122
2023/9/27,123
2023/9/28,124
2023/9/29,125
2023/9/30,126
2023/10/1,127
2023/10/2,128
2023/10/3,129
2023/10/4,130
2023/10/5,131
2023/10/6,132
2023/10/7,133
2023/10/8,134
2023/10/9,135
2023/10/10,136
2023/10/11,137
2023/10/12,138
2023/10/13,139
2023/10/14,140
2023/10/15,141
2023/10/16,142
2023/10/17,143
2023/10/18,144
2023/10/19,145
2023/10/20,146
2023/10/21,147
2023/10/22,148
2023/10/23,149
2023/10/24,150
2023/10/25,151
2023/10/26,152
2023/10/27,153
2023/10/28,154
2023/10/29,155
2023/10/30,156
2023/10/31,157
2023/11/1,158
2023/11/2,159
2023/11/3,160
2023/11/4,161
2023/11/5,162
2023/11/6,163
2023/11/7,164
2023/11/8,165
2023/11/9,166
2023/11/10,167
2023/11/11,168
2023/11/12,169
2023/11/13,170
2023/11/14,171
2023/11/15,172
2023/11/16,173
2023/11/17,174
2023/11/18,175
2023/11/19,176
2023/11/20,177
2023/11/21,178
2023/11/22,179
2023/11/23,180
2023/11/24,181
2023/11/25,182
2023/11/26,183
2023/11/27,184
2023/11/28,185
2023/11/29,186
2023/11/30,187
2023/12/1,188
2023/12/2,189
2023/12/3,190
2023/12/4,191
2023/12/5,192
2023/12/6,193
2023/12/7,194
2023/12/8,195
2023/12/9,196
2023/12/10,197
2023/12/11,198
2023/12/12,199
2023/12/13,200
